ID,State_Name,County_Name,AQI_Year,Days_with_AQI,Good,Moderate,UnhealthySensitive,Unhealthy,VeryUnhealthy,Hazardous,Max_AQI,Median_AQI,good_moderate_sum,unhealthy_hazardous_sum
10000,Alabama,Baldwin,2018,205,181,24,0,0,0,0,97,38,205,0
10001,Alabama,Clay,2018,86,79,7,0,0,0,0,64,29,86,0
10002,Alabama,Colbert,2018,205,181,24,0,0,0,0,93,37,205,0
10003,Alabama,DeKalb,2018,238,205,33,0,0,0,0,84,38,238,0
10004,Alabama,Elmore,2018,161,142,19,0,0,0,0,71,36,161,0
10005,Alabama,Etowah,2018,252,167,84,0,1,0,0,153,44,251,1
10006,Alabama,Houston,2018,209,183,26,0,0,0,0,80,36,209,0
10007,Alabama,Jefferson,2018,274,120,148,5,1,0,0,156,52,268,6
10008,Alabama,Lawrence,2018,20,20,0,0,0,0,0,43,20,20,0
10009,Alabama,Madison,2018,181,131,49,1,0,0,0,115,42,180,1
10010,Alabama,Mobile,2018,248,194,53,1,0,0,0,105,39,247,1
10011,Alabama,Montgomery,2018,212,110,102,0,0,0,0,93,48,212,0
10012,Alabama,Morgan,2018,253,198,55,0,0,0,0,100,40,253,0
10013,Alabama,Russell,2018,253,175,78,0,0,0,0,99,43,253,0
10014,Alabama,Shelby,2018,272,241,27,4,0,0,0,124,33,268,4
10015,Alabama,Sumter,2018,243,222,21,0,0,0,0,77,33,243,0
10016,Alabama,Tuscaloosa,2018,247,193,53,1,0,0,0,115,41,246,1
10200,Alaska,Aleutians East ,2018,20,20,0,0,0,0,0,23,13,20,0
10201,Alaska,Anchorage ,2018,181,140,41,0,0,0,0,87,27,181,0
10202,Alaska,Bethel ,2018,25,24,1,0,0,0,0,54,19,25,0
10203,Alaska,Denali ,2018,242,239,3,0,0,0,0,58,37,242,0
10204,Alaska,Fairbanks North Star ,2018,182,132,30,14,6,0,0,154,35,162,20
10205,Alaska,Juneau ,2018,174,145,29,0,0,0,0,83,20,174,0
10206,Alaska,Kenai Peninsula ,2018,20,20,0,0,0,0,0,13,5,20,0
10207,Alaska,Matanuska Susitna ,2018,181,160,19,2,0,0,0,117,31,179,2
10288,Arizona,Apache,2018,267,263,4,0,0,0,0,55,13,267,0
10289,Arizona,Cochise,2018,273,190,83,0,0,0,0,90,46,273,0
10290,Arizona,Coconino,2018,273,154,116,3,0,0,0,126,49,270,3
10291,Arizona,Gila,2018,273,56,144,66,7,0,0,184,76,200,73
10292,Arizona,La Paz,2018,272,172,97,3,0,0,0,105,48,269,3
10293,Arizona,Maricopa,2018,274,23,193,51,4,3,0,249,75,216,58
10294,Arizona,Mohave,2018,270,258,12,0,0,0,0,82,19,270,0
10295,Arizona,Navajo,2018,269,168,99,2,0,0,0,115,47,267,2
10296,Arizona,Pima,2018,274,119,144,11,0,0,0,129,54,263,11
10297,Arizona,Pinal,2018,273,66,171,31,1,2,0,996,68,237,34
10298,Arizona,Santa Cruz,2018,273,241,31,0,1,0,0,183,30,272,1
10299,Arizona,Yavapai,2018,273,200,72,1,0,0,0,101,45,272,1
10300,Arizona,Yuma,2018,273,158,99,15,1,0,0,169,48,257,16
10431,Arkansas,Arkansas,2018,87,68,19,0,0,0,0,90,35,87,0
10432,Arkansas,Ashley,2018,90,75,14,1,0,0,0,103,33,89,1
10433,Arkansas,Clark,2018,241,222,19,0,0,0,0,87,36,241,0
10434,Arkansas,Craighead,2018,59,45,14,0,0,0,0,72,36,59,0
10435,Arkansas,Crittenden,2018,273,203,67,3,0,0,0,115,43,270,3
10436,Arkansas,Garland,2018,90,71,19,0,0,0,0,86,34,90,0
10437,Arkansas,Jackson,2018,91,77,14,0,0,0,0,71,33,91,0
10438,Arkansas,Newton,2018,273,248,25,0,0,0,0,84,38,273,0
10439,Arkansas,Polk,2018,271,231,40,0,0,0,0,93,41,271,0
10440,Arkansas,Pulaski,2018,274,183,89,2,0,0,0,122,45,272,2
10441,Arkansas,Union,2018,273,188,82,3,0,0,0,122,41,270,3
10442,Arkansas,Washington,2018,273,184,89,0,0,0,0,87,45,273,0
10575,California,Alameda,2018,182,95,86,1,0,0,0,110,49,181,1
10576,California,Amador,2018,181,163,18,0,0,0,0,93,38,181,0
10577,California,Butte,2018,187,105,79,3,0,0,0,126,48,184,3
10578,California,Calaveras,2018,180,89,91,0,0,0,0,97,51,180,0
10579,California,Colusa,2018,270,197,56,6,11,0,0,183,41,253,17
10580,California,Contra Costa,2018,182,107,73,2,0,0,0,145,48,180,2
10581,California,Del Norte,2018,115,101,14,0,0,0,0,77,28,115,0
10582,California,El Dorado,2018,181,135,44,2,0,0,0,115,41,179,2
10583,California,Fresno,2018,273,95,121,49,8,0,0,172,64,216,57
10584,California,Glenn,2018,181,164,17,0,0,0,0,71,35,181,0
10585,California,Humboldt,2018,182,175,7,0,0,0,0,95,36,182,0
10586,California,Imperial,2018,186,39,108,32,5,2,0,286,67,147,39
10587,California,Inyo,2018,273,128,116,24,3,1,0,624,51,244,28
10588,California,Kern,2018,304,120,144,32,8,0,0,174,56,264,40
10589,California,Kings,2018,304,85,188,27,4,0,0,175,64,273,31
10590,California,Lake,2018,129,129,0,0,0,0,0,48,34,129,0
10591,California,Los Angeles,2018,182,22,117,37,6,0,0,185,68,139,43
10592,California,Madera,2018,182,112,60,7,3,0,0,165,48,172,10
10593,California,Marin,2018,182,162,19,1,0,0,0,123,37,181,1
10594,California,Mariposa,2018,243,133,86,21,3,0,0,166,48,219,24
10595,California,Mendocino,2018,181,167,14,0,0,0,0,72,35,181,0
10596,California,Merced,2018,187,135,44,7,1,0,0,157,43,179,8
10597,California,Mono,2018,181,166,9,2,2,0,1,994,17,175,5
10598,California,Monterey,2018,274,243,29,2,0,0,0,113,39,272,2
10599,California,Napa,2018,182,133,49,0,0,0,0,89,43,182,0
10600,California,Nevada,2018,273,175,73,18,7,0,0,190,45,248,25
10601,California,Orange,2018,182,107,67,6,2,0,0,157,48,174,8
10602,California,Placer,2018,243,128,77,28,7,3,0,210,50,205,38
10603,California,Plumas,2018,179,125,51,3,0,0,0,129,26,176,3
10604,California,Riverside,2018,293,80,143,49,17,4,0,241,65,223,70
10605,California,Sacramento,2018,187,102,82,3,0,0,0,138,48,184,3
10606,California,San Benito,2018,273,228,43,2,0,0,0,105,41,271,2
10607,California,San Bernardino,2018,242,29,129,60,23,1,0,221,84,158,84
10608,California,San Diego,2018,196,56,128,12,0,0,0,143,61,184,12
10609,California,San Francisco,2018,182,144,37,1,0,0,0,111,37,181,1
10610,California,San Joaquin,2018,187,108,72,5,2,0,0,157,47,180,7
10611,California,San Luis Obispo,2018,273,162,105,6,0,0,0,133,48,267,6
10612,California,San Mateo,2018,182,153,29,0,0,0,0,83,37,182,0
10613,California,Santa Barbara,2018,213,153,60,0,0,0,0,93,46,213,0
10614,California,Santa Clara,2018,182,140,40,2,0,0,0,124,42,180,2
10615,California,Santa Cruz,2018,273,260,12,1,0,0,0,114,34,272,1
10616,California,Shasta,2018,242,192,36,14,0,0,0,143,44,228,14
10617,California,Siskiyou,2018,181,177,4,0,0,0,0,58,38,181,0
10618,California,Solano,2018,273,229,42,2,0,0,0,132,40,271,2
10619,California,Sonoma,2018,182,168,14,0,0,0,0,84,38,182,0
10620,California,Stanislaus,2018,186,115,60,10,1,0,0,155,47,175,11
10621,California,Sutter,2018,182,98,80,4,0,0,0,135,49,178,4
10622,California,Tehama,2018,187,139,46,2,0,0,0,119,41,185,2
10623,California,Trinity,2018,130,78,52,0,0,0,0,98,45,130,0
10624,California,Tulare,2018,243,58,99,67,19,0,0,174,77,157,86
10625,California,Tuolumne,2018,173,151,22,0,0,0,0,90,38,173,0
10626,California,Ventura,2018,273,118,141,13,1,0,0,166,53,259,14
10627,California,Yolo,2018,272,214,56,2,0,0,0,147,43,270,2
11164,Colorado,Adams,2018,304,161,140,3,0,0,0,130,50,301,3
11165,Colorado,Alamosa,2018,206,198,7,0,0,1,0,235,19,205,1
11166,Colorado,Arapahoe,2018,282,149,118,14,1,0,0,156,49,267,15
11167,Colorado,Archuleta,2018,273,241,32,0,0,0,0,97,41,273,0
11168,Colorado,Boulder,2018,301,171,101,28,1,0,0,159,48,272,29
11169,Colorado,Clear Creek,2018,187,58,115,13,1,0,0,159,61,173,14
11170,Colorado,Delta,2018,122,119,3,0,0,0,0,67,38,122,0
11171,Colorado,Denver,2018,304,149,145,10,0,0,0,150,51,294,10
11172,Colorado,Douglas,2018,303,156,120,24,3,0,0,156,50,276,27
11173,Colorado,El Paso,2018,304,172,124,8,0,0,0,119,49,296,8
11174,Colorado,Fremont,2018,19,19,0,0,0,0,0,36,15,19,0
11175,Colorado,Garfield,2018,272,187,84,0,1,0,0,151,46,271,1
11176,Colorado,Gunnison,2018,242,133,107,1,1,0,0,156,50,240,2
11177,Colorado,Jackson,2018,18,18,0,0,0,0,0,8,3,18,0
11178,Colorado,Jefferson,2018,273,137,99,35,2,0,0,151,50,236,37
11179,Colorado,La Plata,2018,273,161,107,5,0,0,0,108,48,268,5
11180,Colorado,Larimer,2018,304,151,126,24,3,0,0,169,51,277,27
11181,Colorado,Mesa,2018,304,202,99,3,0,0,0,126,45,301,3
11182,Colorado,Moffat,2018,242,173,68,1,0,0,0,108,45,241,1
11183,Colorado,Montezuma,2018,261,163,94,4,0,0,0,115,47,257,4
11184,Colorado,Montrose,2018,239,170,68,1,0,0,0,122,44,238,1
11185,Colorado,Park,2018,56,56,0,0,0,0,0,46,38,56,0
11186,Colorado,Pitkin,2018,58,58,0,0,0,0,0,42,14,58,0
11187,Colorado,Prowers,2018,201,196,4,1,0,0,0,103,19,200,1
11188,Colorado,Pueblo,2018,98,92,5,1,0,0,0,101,23,97,1
11189,Colorado,Rio Blanco,2018,243,121,120,2,0,0,0,108,51,241,2
11190,Colorado,Routt,2018,190,190,0,0,0,0,0,49,17,190,0
11191,Colorado,San Juan,2018,19,19,0,0,0,0,0,8,2,19,0
11192,Colorado,San Miguel,2018,63,63,0,0,0,0,0,42,16,63,0
11193,Colorado,Weld,2018,304,160,134,10,0,0,0,133,50,294,10
11504,Connecticut,Fairfield,2018,182,132,45,5,0,0,0,147,43,177,5
11505,Connecticut,Hartford,2018,182,147,33,2,0,0,0,143,39,180,2
11506,Connecticut,Litchfield,2018,180,155,23,2,0,0,0,105,40,178,2
11507,Connecticut,Middlesex,2018,118,100,14,4,0,0,0,126,41,114,4
11508,Connecticut,New Haven,2018,182,142,36,4,0,0,0,140,42,178,4
11509,Connecticut,New London,2018,181,165,14,2,0,0,0,115,38,179,2
11510,Connecticut,Tolland,2018,122,109,10,3,0,0,0,140,40,119,3
11511,Connecticut,Windham,2018,239,213,20,6,0,0,0,129,38,233,6
11589,Delaware,Kent,2018,304,258,44,2,0,0,0,133,39,302,2
11590,Delaware,New Castle,2018,305,220,79,6,0,0,0,150,42,299,6
11591,Delaware,Sussex,2018,304,248,52,4,0,0,0,140,41,300,4
11622,Florida,Alachua,2018,181,152,29,0,0,0,0,90,37,181,0
11623,Florida,Baker,2018,180,161,19,0,0,0,0,87,35,180,0
11624,Florida,Bay,2018,181,147,34,0,0,0,0,100,41,181,0
11625,Florida,Brevard,2018,181,154,26,1,0,0,0,129,40,180,1
11626,Florida,Broward,2018,274,205,69,0,0,0,0,100,41,274,0
11627,Florida,Citrus,2018,180,152,28,0,0,0,0,70,35,180,0
11628,Florida,Collier,2018,181,150,31,0,0,0,0,80,39,181,0
11629,Florida,Columbia,2018,176,140,35,1,0,0,0,111,39,175,1
11630,Florida,Duval,2018,274,204,67,2,1,0,0,155,41,271,3
11631,Florida,Escambia,2018,181,147,34,0,0,0,0,93,40,181,0
11632,Florida,Flagler,2018,164,150,14,0,0,0,0,77,37,164,0
11633,Florida,Hamilton,2018,177,156,21,0,0,0,0,65,33,177,0
11634,Florida,Highlands,2018,177,163,13,1,0,0,0,108,36,176,1
11635,Florida,Hillsborough,2018,274,180,90,4,0,0,0,122,43,270,4
11636,Florida,Holmes,2018,180,142,38,0,0,0,0,79,40,180,0
11637,Florida,Indian River,2018,235,205,29,1,0,0,0,101,39,234,1
11638,Florida,Lake,2018,180,151,28,1,0,0,0,101,37,179,1
11639,Florida,Lee,2018,181,148,32,1,0,0,0,112,38,180,1
11640,Florida,Leon,2018,180,129,51,0,0,0,0,97,40,180,0
11641,Florida,Liberty,2018,241,230,11,0,0,0,0,71,33,241,0
11642,Florida,Manatee,2018,273,241,30,2,0,0,0,119,34,271,2
11643,Florida,Marion,2018,181,152,29,0,0,0,0,90,37,181,0
11644,Florida,Martin,2018,181,158,22,1,0,0,0,112,38,180,1
11645,Florida,Miami Dade,2018,274,209,61,4,0,0,0,126,42,270,4
11646,Florida,Nassau,2018,181,159,20,2,0,0,0,106,33,179,2
11647,Florida,Okaloosa,2018,180,155,25,0,0,0,0,80,37,180,0
11648,Florida,Orange,2018,274,232,40,1,1,0,0,151,37,272,2
11649,Florida,Osceola,2018,181,150,30,1,0,0,0,126,37,180,1
11650,Florida,Palm Beach,2018,181,152,29,0,0,0,0,91,40,181,0
11651,Florida,Pasco,2018,181,145,34,2,0,0,0,129,39,179,2
11652,Florida,Pinellas,2018,274,226,48,0,0,0,0,100,39,274,0
11653,Florida,Polk,2018,181,147,32,2,0,0,0,112,39,179,2
11654,Florida,Putnam,2018,161,160,1,0,0,0,0,51,14,161,0
11655,Florida,Santa Rosa,2018,179,142,37,0,0,0,0,90,42,179,0
11656,Florida,Sarasota,2018,273,221,52,0,0,0,0,97,38,273,0
11657,Florida,Seminole,2018,181,145,34,2,0,0,0,150,39,179,2
11658,Florida, Saint Lucie,2018,177,159,18,0,0,0,0,100,38,177,0
11659,Florida,Volusia,2018,181,153,28,0,0,0,0,80,40,181,0
11660,Florida,Wakulla,2018,181,136,45,0,0,0,0,98,38,181,0
12039,Georgia,Bibb,2018,243,202,40,1,0,0,0,106,37,242,1
12040,Georgia,Charlton,2018,20,19,1,0,0,0,0,60,20,20,0
12041,Georgia,Chatham,2018,243,204,39,0,0,0,0,75,38,243,0
12042,Georgia,Chattooga,2018,184,164,20,0,0,0,0,87,38,184,0
12043,Georgia,Clarke,2018,210,165,43,2,0,0,0,105,41,208,2
12044,Georgia,Clayton,2018,58,47,11,0,0,0,0,64,33,58,0
12045,Georgia,Cobb,2018,204,160,44,0,0,0,0,100,42,204,0
12046,Georgia,Coffee,2018,55,52,3,0,0,0,0,65,23,55,0
12047,Georgia,Columbia,2018,184,163,21,0,0,0,0,90,39,184,0
12048,Georgia,Dawson,2018,184,161,21,2,0,0,0,108,36,182,2
12049,Georgia,DeKalb,2018,244,170,74,0,0,0,0,100,43,244,0
12050,Georgia,Dougherty,2018,208,157,50,1,0,0,0,137,32,207,1
12051,Georgia,Douglas,2018,181,157,24,0,0,0,0,93,39,181,0
12052,Georgia,Floyd,2018,243,159,84,0,0,0,0,80,40,243,0
12053,Georgia,Fulton,2018,242,141,97,4,0,0,0,133,46,238,4
12054,Georgia,Glynn,2018,200,183,17,0,0,0,0,74,36,200,0
12055,Georgia,Gwinnett,2018,236,163,73,0,0,0,0,87,44,236,0
12056,Georgia,Hall,2018,178,153,25,0,0,0,0,68,30,178,0
12057,Georgia,Henry,2018,237,187,47,3,0,0,0,115,38,234,3
12058,Georgia,Houston,2018,183,139,42,2,0,0,0,108,37,181,2
12059,Georgia,Lowndes,2018,169,138,31,0,0,0,0,81,35,169,0
12060,Georgia,Murray,2018,186,157,29,0,0,0,0,100,41,186,0
12061,Georgia,Muscogee,2018,243,196,47,0,0,0,0,98,37,243,0
12062,Georgia,Pike,2018,166,154,11,1,0,0,0,115,35,165,1
12063,Georgia,Richmond,2018,243,173,66,4,0,0,0,150,42,239,4
12064,Georgia,Rockdale,2018,182,141,39,2,0,0,0,112,40,180,2
12065,Georgia,Sumter,2018,183,161,22,0,0,0,0,80,36,183,0
12066,Georgia,Walker,2018,197,148,49,0,0,0,0,67,37,197,0
12067,Georgia,Washington,2018,60,51,9,0,0,0,0,67,31,60,0
12387,Hawaii,Hawaii,2018,243,13,62,64,99,5,0,249,130,75,168
12388,Hawaii,Honolulu,2018,244,239,5,0,0,0,0,75,30,244,0
12389,Hawaii,Kauai,2018,243,243,0,0,0,0,0,48,15,243,0
12390,Hawaii,Maui,2018,238,236,2,0,0,0,0,56,20,238,0
12428,Idaho,Ada,2018,182,160,21,1,0,0,0,102,40,181,1
12429,Idaho,Bannock,2018,304,263,37,3,1,0,0,151,30,300,4
12430,Idaho,Benewah,2018,180,129,51,0,0,0,0,100,32,180,0
12431,Idaho,Blaine,2018,181,180,1,0,0,0,0,55,8,181,0
12432,Idaho,Boise,2018,181,140,41,0,0,0,0,77,32,181,0
12433,Idaho,Bonner,2018,179,178,1,0,0,0,0,61,29,179,0
12434,Idaho,Bonneville,2018,181,180,1,0,0,0,0,54,20,181,0
12435,Idaho,Butte,2018,241,197,41,3,0,0,0,115,44,238,3
12436,Idaho,Canyon,2018,181,171,9,1,0,0,0,101,20,180,1
12437,Idaho,Caribou,2018,179,178,1,0,0,0,0,55,1,179,0
12438,Idaho,Custer,2018,19,19,0,0,0,0,0,8,3,19,0
12439,Idaho,Franklin,2018,154,145,9,0,0,0,0,81,15,154,0
12440,Idaho,Idaho,2018,242,216,25,1,0,0,0,115,39,241,1
12441,Idaho,Jerome,2018,222,195,22,5,0,0,0,145,18,217,5
12442,Idaho,Kootenai,2018,148,147,1,0,0,0,0,57,22,148,0
12443,Idaho,Latah,2018,181,180,1,0,0,0,0,53,7,181,0
12444,Idaho,Lemhi,2018,179,141,36,2,0,0,0,116,20,177,2
12445,Idaho,Nez Perce,2018,181,173,8,0,0,0,0,83,13,181,0
12446,Idaho,Shoshone,2018,181,117,61,3,0,0,0,115,40,178,3
12447,Idaho,Twin Falls,2018,172,164,8,0,0,0,0,66,30,172,0
12448,Idaho,Valley,2018,169,158,10,1,0,0,0,108,17,168,1
12626,Illinois,Adams,2018,214,197,17,0,0,0,0,87,37,214,0
12627,Illinois,Champaign,2018,273,206,63,4,0,0,0,112,43,269,4
12628,Illinois,Clark,2018,237,215,21,1,0,0,0,101,37,236,1
12629,Illinois,Cook,2018,274,101,155,14,4,0,0,177,56,256,18
12630,Illinois,DuPage,2018,272,170,98,4,0,0,0,112,45,268,4
12631,Illinois,Effingham,2018,214,183,30,1,0,0,0,112,41,213,1
12632,Illinois,Hamilton,2018,270,203,64,3,0,0,0,105,42,267,3
12633,Illinois,Jersey,2018,264,196,65,3,0,0,0,122,43,261,3
12634,Illinois,Jo Daviess,2018,224,203,19,2,0,0,0,119,38,222,2
12635,Illinois,Kane,2018,272,213,54,5,0,0,0,122,41,267,5
12636,Illinois,La Salle,2018,273,271,2,0,0,0,0,62,1,273,0
12637,Illinois,Lake,2018,261,213,40,6,2,0,0,164,40,253,8
12638,Illinois,Macon,2018,273,139,125,9,0,0,0,126,50,264,9
12639,Illinois,Macoupin,2018,272,239,30,3,0,0,0,115,38,269,3
12640,Illinois,Madison,2018,273,146,118,7,2,0,0,154,49,264,9
12641,Illinois,McHenry,2018,272,184,80,8,0,0,0,122,44,264,8
12642,Illinois,McLean,2018,273,178,94,1,0,0,0,108,44,272,1
12643,Illinois,Monroe,2018,181,181,0,0,0,0,0,41,3,181,0
12644,Illinois,Peoria,2018,273,183,87,3,0,0,0,101,45,270,3
12645,Illinois,Randolph,2018,273,204,68,1,0,0,0,129,44,272,1
12646,Illinois,Rock Island,2018,273,189,83,1,0,0,0,101,44,272,1
12647,Illinois,Saint Clair,2018,274,183,86,4,1,0,0,174,46,269,5
12648,Illinois,Sangamon,2018,272,181,90,1,0,0,0,122,44,271,1
12649,Illinois,Tazewell,2018,273,273,0,0,0,0,0,27,1,273,0
12650,Illinois,Wabash,2018,271,269,2,0,0,0,0,60,1,271,0
12651,Illinois,Will,2018,273,171,98,4,0,0,0,126,46,269,4
12652,Illinois,Winnebago,2018,270,224,43,2,1,0,0,151,40,267,3
12915,Indiana,Allen,2018,273,209,58,6,0,0,0,122,42,267,6
12916,Indiana,Bartholomew,2018,252,185,63,4,0,0,0,108,43,248,4
12917,Indiana,Boone,2018,243,205,33,5,0,0,0,112,37,238,5
12918,Indiana,Brown,2018,241,217,24,0,0,0,0,97,38,241,0
12919,Indiana,Carroll,2018,242,220,19,3,0,0,0,115,36,239,3
12920,Indiana,Clark,2018,270,219,47,4,0,0,0,122,39,266,4
12921,Indiana,Daviess,2018,255,255,0,0,0,0,0,21,0,255,0
12922,Indiana,Delaware,2018,249,213,32,4,0,0,0,129,39,245,4
12923,Indiana,Dubois,2018,89,72,17,0,0,0,0,87,32,89,0
12924,Indiana,Elkhart,2018,271,219,49,3,0,0,0,105,39,268,3
12925,Indiana,Floyd,2018,267,224,38,5,0,0,0,143,38,262,5
12926,Indiana,Gibson,2018,271,267,4,0,0,0,0,76,3,271,0
12927,Indiana,Greene,2018,272,226,43,3,0,0,0,129,40,269,3
12928,Indiana,Hamilton,2018,253,191,56,6,0,0,0,129,43,247,6
12929,Indiana,Hendricks,2018,243,214,27,2,0,0,0,108,37,241,2
12930,Indiana,Henry,2018,86,75,10,1,0,0,0,111,30,85,1
12931,Indiana,Howard,2018,249,185,59,5,0,0,0,108,42,244,5
12932,Indiana,Huntington,2018,266,245,21,0,0,0,0,97,35,266,0
12933,Indiana,Jackson,2018,249,229,20,0,0,0,0,90,35,249,0
12934,Indiana,Knox,2018,237,193,40,4,0,0,0,122,40,233,4
12935,Indiana,LaPorte,2018,271,213,51,6,1,0,0,161,41,264,7
12936,Indiana,Lake,2018,274,156,112,5,1,0,0,151,46,268,6
12937,Indiana,Madison,2018,253,178,68,7,0,0,0,136,43,246,7
12938,Indiana,Marion,2018,274,147,116,10,1,0,0,156,48,263,11
12939,Indiana,Monroe,2018,189,157,32,0,0,0,0,97,33,189,0
12940,Indiana,Morgan,2018,273,240,30,3,0,0,0,110,37,270,3
12941,Indiana,Perry,2018,258,232,26,0,0,0,0,80,38,258,0
12942,Indiana,Pike,2018,273,273,0,0,0,0,0,33,1,273,0
12943,Indiana,Porter,2018,273,196,72,4,1,0,0,161,43,268,5
12944,Indiana,Posey,2018,272,238,34,0,0,0,0,100,38,272,0
12945,Indiana,Shelby,2018,243,215,23,5,0,0,0,112,38,238,5
12946,Indiana,Spencer,2018,90,71,19,0,0,0,0,85,33,90,0
12947,Indiana, Saint Joseph,2018,273,188,78,7,0,0,0,133,43,266,7
12948,Indiana,Sullivan,2018,150,119,31,0,0,0,0,91,33,150,0
12949,Indiana,Tippecanoe,2018,245,200,45,0,0,0,0,75,35,245,0
12950,Indiana,Vanderburgh,2018,273,191,79,3,0,0,0,143,43,270,3
12951,Indiana,Vigo,2018,273,186,84,3,0,0,0,115,43,270,3
12952,Indiana,Wabash,2018,241,198,38,5,0,0,0,129,41,236,5
12953,Indiana,Warrick,2018,273,232,38,3,0,0,0,126,39,270,3
12954,Indiana,Whitley,2018,244,203,41,0,0,0,0,81,32,244,0
13379,Iowa,Black Hawk,2018,304,207,97,0,0,0,0,81,42,304,0
13380,Iowa,Bremer,2018,245,224,19,2,0,0,0,112,37,243,2
13381,Iowa,Cerro Gordo,2018,97,97,0,0,0,0,0,46,16,97,0
13382,Iowa,Clinton,2018,304,206,98,0,0,0,0,100,43,304,0
13383,Iowa,Harrison,2018,245,213,30,2,0,0,0,101,39,243,2
13384,Iowa,Johnson,2018,304,246,58,0,0,0,0,79,37,304,0
13385,Iowa,Lee,2018,101,84,17,0,0,0,0,76,34,101,0
13386,Iowa,Linn,2018,305,206,95,4,0,0,0,129,44,301,4
13387,Iowa,Montgomery,2018,304,226,78,0,0,0,0,93,40,304,0
13388,Iowa,Muscatine,2018,304,208,96,0,0,0,0,77,42,304,0
13389,Iowa,Palo Alto,2018,304,218,84,2,0,0,0,115,43,302,2
13390,Iowa,Polk,2018,305,231,72,2,0,0,0,112,40,303,2
13391,Iowa,Pottawattamie,2018,106,83,22,1,0,0,0,102,33,105,1
13392,Iowa,Scott,2018,305,138,163,4,0,0,0,108,52,301,4
13393,Iowa,Van Buren,2018,298,225,73,0,0,0,0,100,39,298,0
13394,Iowa,Woodbury,2018,101,90,11,0,0,0,0,92,32,101,0
13588,Kansas,Chase,2018,20,20,0,0,0,0,0,46,20,20,0
13589,Kansas,Ford,2018,180,175,4,1,0,0,0,129,19,179,1
13590,Kansas,Johnson,2018,179,149,30,0,0,0,0,87,40,179,0
13591,Kansas,Leavenworth,2018,179,151,28,0,0,0,0,100,37,179,0
13592,Kansas,Neosho,2018,181,152,29,0,0,0,0,87,40,181,0
13593,Kansas,Sedgwick,2018,181,122,59,0,0,0,0,100,44,181,0
13594,Kansas,Shawnee,2018,181,123,58,0,0,0,0,99,45,181,0
13595,Kansas,Sherman,2018,174,169,5,0,0,0,0,91,14,174,0
13596,Kansas,Sumner,2018,181,146,35,0,0,0,0,90,41,181,0
13597,Kansas,Trego,2018,181,140,40,1,0,0,0,130,43,180,1
13598,Kansas,Wyandotte,2018,181,120,61,0,0,0,0,100,44,181,0
13727,Kentucky,Bell,2018,92,77,15,0,0,0,0,84,43,92,0
13728,Kentucky,Boone,2018,60,55,5,0,0,0,0,61,40,60,0
13729,Kentucky,Boyd,2018,161,142,19,0,0,0,0,84,38,161,0
13730,Kentucky,Bullitt,2018,58,52,6,0,0,0,0,58,39,58,0
13731,Kentucky,Campbell,2018,148,131,17,0,0,0,0,70,37,148,0
13732,Kentucky,Carter,2018,120,107,13,0,0,0,0,80,36,120,0
13733,Kentucky,Christian,2018,117,100,17,0,0,0,0,76,40,117,0
13734,Kentucky,Daviess,2018,161,132,29,0,0,0,0,79,39,161,0
13735,Kentucky,Edmonson,2018,244,223,21,0,0,0,0,87,39,244,0
13736,Kentucky,Fayette,2018,152,138,14,0,0,0,0,61,36,152,0
13737,Kentucky,Greenup,2018,120,118,2,0,0,0,0,58,27,120,0
13738,Kentucky,Hancock,2018,32,32,0,0,0,0,0,47,37,32,0
13739,Kentucky,Hardin,2018,153,135,18,0,0,0,0,77,39,153,0
13740,Kentucky,Henderson,2018,161,119,33,9,0,0,0,120,40,152,9
13741,Kentucky,Jefferson,2018,182,111,67,4,0,0,0,147,45,178,4
13742,Kentucky,Jessamine,2018,117,111,6,0,0,0,0,64,31,117,0
13743,Kentucky,Livingston,2018,90,85,5,0,0,0,0,61,35,90,0
13744,Kentucky,McCracken,2018,157,111,46,0,0,0,0,74,42,157,0
13745,Kentucky,Morgan,2018,243,217,26,0,0,0,0,80,37,243,0
13746,Kentucky,Oldham,2018,61,57,4,0,0,0,0,58,40,61,0
13747,Kentucky,Perry,2018,139,117,22,0,0,0,0,74,39,139,0
13748,Kentucky,Pike,2018,155,136,19,0,0,0,0,84,36,155,0
13749,Kentucky,Pulaski,2018,122,105,17,0,0,0,0,67,39,122,0
13750,Kentucky,Simpson,2018,60,55,5,0,0,0,0,67,39,60,0
13751,Kentucky,Trigg,2018,227,204,23,0,0,0,0,87,39,227,0
13752,Kentucky,Warren,2018,155,133,22,0,0,0,0,74,38,155,0
13753,Kentucky,Washington,2018,239,206,33,0,0,0,0,77,39,239,0
14045,Louisiana,Ascension,2018,273,235,35,3,0,0,0,122,33,270,3
14046,Louisiana,Bossier,2018,273,216,57,0,0,0,0,96,39,273,0
14047,Louisiana,Caddo,2018,270,205,63,2,0,0,0,128,40,268,2
14048,Louisiana,Calcasieu,2018,273,154,113,6,0,0,0,108,48,267,6
14049,Louisiana,East Baton Rouge,2018,274,178,86,10,0,0,0,126,44,264,10
14050,Louisiana,Iberville,2018,273,206,59,7,1,0,0,153,40,265,8
14051,Louisiana,Jefferson,2018,273,194,78,1,0,0,0,101,43,272,1
14052,Louisiana,Lafayette,2018,273,188,85,0,0,0,0,97,42,273,0
14053,Louisiana,Lafourche,2018,272,244,28,0,0,0,0,90,34,272,0
14054,Louisiana,Livingston,2018,273,198,75,0,0,0,0,100,41,273,0
14055,Louisiana,Orleans,2018,274,213,61,0,0,0,0,85,37,274,0
14056,Louisiana,Ouachita,2018,271,247,24,0,0,0,0,100,35,271,0
14057,Louisiana,Pointe Coupee,2018,264,236,28,0,0,0,0,97,32,264,0
14058,Louisiana,Rapides,2018,88,72,16,0,0,0,0,91,33,88,0
14059,Louisiana, Saint Bernard,2018,273,176,94,3,0,0,0,112,42,270,3
14060,Louisiana, Saint Charles,2018,273,266,6,1,0,0,0,110,3,272,1
14061,Louisiana, Saint James,2018,273,259,14,0,0,0,0,93,28,273,0
14062,Louisiana, Saint John the Baptist,2018,267,245,21,1,0,0,0,108,31,266,1
14063,Louisiana, Saint Martin,2018,266,236,30,0,0,0,0,97,34,266,0
14064,Louisiana, Saint Tammany,2018,273,223,49,1,0,0,0,101,37,272,1
14065,Louisiana,Tangipahoa,2018,93,78,15,0,0,0,0,78,28,93,0
14066,Louisiana,Terrebonne,2018,89,78,11,0,0,0,0,70,28,89,0
14067,Louisiana,West Baton Rouge,2018,273,191,79,3,0,0,0,129,40,270,3
14292,Maine,Androscoggin,2018,304,281,23,0,0,0,0,84,33,304,0
14293,Maine,Aroostook,2018,243,208,34,0,1,0,0,170,39,242,1
14294,Maine,Cumberland,2018,305,269,36,0,0,0,0,100,37,305,0
14295,Maine,Hancock,2018,305,279,25,1,0,0,0,122,39,304,1
14296,Maine,Kennebec,2018,297,281,16,0,0,0,0,90,32,297,0
14297,Maine,Knox,2018,219,209,9,1,0,0,0,112,36,218,1
14298,Maine,Oxford,2018,298,265,33,0,0,0,0,93,34,298,0
14299,Maine,Penobscot,2018,304,279,25,0,0,0,0,97,34,304,0
14300,Maine,Washington,2018,274,262,11,1,0,0,0,122,38,273,1
14301,Maine,York,2018,227,207,18,2,0,0,0,119,40,225,2
14415,Maryland,Allegany,2018,181,139,25,14,3,0,0,200,13,164,17
14416,Maryland,Anne Arundel,2018,291,217,65,9,0,0,0,140,39,282,9
14417,Maryland,Baltimore,2018,304,229,72,3,0,0,0,115,42,301,3
14418,Maryland,Baltimore  City,2018,267,177,87,3,0,0,0,119,44,264,3
14419,Maryland,Calvert,2018,122,95,27,0,0,0,0,100,43,122,0
14420,Maryland,Carroll,2018,121,94,27,0,0,0,0,97,43,121,0
14421,Maryland,Cecil,2018,301,237,57,7,0,0,0,129,40,294,7
14422,Maryland,Charles,2018,119,93,26,0,0,0,0,97,44,119,0
14423,Maryland,Dorchester,2018,273,218,53,2,0,0,0,147,40,271,2
14424,Maryland,Frederick,2018,122,93,29,0,0,0,0,97,44,122,0
14425,Maryland,Garrett,2018,271,235,36,0,0,0,0,97,40,271,0
14426,Maryland,Harford,2018,302,235,57,10,0,0,0,150,39,292,10
14427,Maryland,Howard,2018,273,224,49,0,0,0,0,75,35,273,0
14428,Maryland,Kent,2018,273,221,50,2,0,0,0,108,38,271,2
14429,Maryland,Montgomery,2018,293,238,54,1,0,0,0,112,40,292,1
14430,Maryland,Prince George ,2018,304,222,74,7,1,0,0,166,42,296,8
14431,Maryland,Washington,2018,300,244,56,0,0,0,0,93,40,300,0
14587,Massachusetts,Barnstable,2018,267,246,17,4,0,0,0,133,37,263,4
14588,Massachusetts,Berkshire,2018,273,226,46,1,0,0,0,122,32,272,1
14589,Massachusetts,Bristol,2018,273,215,48,10,0,0,0,133,42,263,10
14590,Massachusetts,Dukes,2018,270,243,24,3,0,0,0,108,39,267,3
14591,Massachusetts,Essex,2018,273,225,44,4,0,0,0,115,41,269,4
14592,Massachusetts,Franklin,2018,273,236,37,0,0,0,0,100,38,273,0
14593,Massachusetts,Hampden,2018,274,209,63,2,0,0,0,126,40,272,2
14594,Massachusetts,Hampshire,2018,271,232,37,2,0,0,0,122,38,269,2
14595,Massachusetts,Middlesex,2018,273,245,28,0,0,0,0,97,37,273,0
14596,Massachusetts,Norfolk,2018,263,248,14,1,0,0,0,105,35,262,1
14597,Massachusetts,Plymouth,2018,272,237,32,3,0,0,0,126,39,269,3
14598,Massachusetts,Suffolk,2018,274,164,109,1,0,0,0,108,46,273,1
14599,Massachusetts,Worcester,2018,274,223,47,4,0,0,0,129,40,270,4
14724,Michigan,Allegan,2018,143,113,25,5,0,0,0,150,41,138,5
14725,Michigan,Bay,2018,177,164,13,0,0,0,0,63,28,177,0
14726,Michigan,Benzie,2018,122,103,17,1,1,0,0,154,42,120,2
14727,Michigan,Berrien,2018,122,98,18,6,0,0,0,126,43,116,6
14728,Michigan,Cass,2018,121,95,20,6,0,0,0,119,44,115,6
14729,Michigan,Chippewa,2018,92,83,9,0,0,0,0,70,37,92,0
14730,Michigan,Clinton,2018,122,100,18,4,0,0,0,143,43,118,4
14731,Michigan,Genesee,2018,179,144,32,3,0,0,0,122,39,176,3
14732,Michigan,Huron,2018,118,102,14,2,0,0,0,122,40,116,2
14733,Michigan,Ingham,2018,158,133,23,2,0,0,0,147,38,156,2
14734,Michigan,Kalamazoo,2018,176,136,37,3,0,0,0,115,43,173,3
14735,Michigan,Kent,2018,198,166,29,3,0,0,0,115,40,195,3
14736,Michigan,Keweenaw,2018,20,20,0,0,0,0,0,49,11,20,0
14737,Michigan,Lenawee,2018,181,145,33,3,0,0,0,115,40,178,3
14738,Michigan,Macomb,2018,155,125,24,6,0,0,0,143,40,149,6
14739,Michigan,Manistee,2018,118,106,11,1,0,0,0,112,35,117,1
14740,Michigan,Mason,2018,122,104,17,1,0,0,0,133,40,121,1
14741,Michigan,Missaukee,2018,182,158,24,0,0,0,0,97,41,182,0
14742,Michigan,Monroe,2018,192,191,1,0,0,0,0,59,1,192,0
14743,Michigan,Muskegon,2018,121,99,18,3,1,0,0,174,42,117,4
14744,Michigan,Oakland,2018,137,106,25,6,0,0,0,140,41,131,6
14745,Michigan,Ottawa,2018,197,170,24,3,0,0,0,115,38,194,3
14746,Michigan,Schoolcraft,2018,182,165,16,1,0,0,0,101,38,181,1
14747,Michigan, Saint Clair,2018,212,152,49,10,1,0,0,151,41,201,11
14748,Michigan,Tuscola,2018,241,209,31,1,0,0,0,105,39,240,1
14749,Michigan,Washtenaw,2018,243,186,52,5,0,0,0,150,42,238,5
14750,Michigan,Wayne,2018,273,172,97,4,0,0,0,129,44,269,4
14751,Michigan,Wexford,2018,235,209,24,2,0,0,0,122,40,233,2
15028,Minnesota,Anoka,2018,182,118,63,1,0,0,0,115,44,181,1
15029,Minnesota,Becker,2018,181,159,22,0,0,0,0,100,39,181,0
15030,Minnesota,Beltrami,2018,169,164,5,0,0,0,0,58,23,169,0
15031,Minnesota,Carlton,2018,179,169,10,0,0,0,0,74,31,179,0
15032,Minnesota,Cass,2018,176,159,17,0,0,0,0,77,27,176,0
15033,Minnesota,Cook,2018,178,175,3,0,0,0,0,57,18,178,0
15034,Minnesota,Crow Wing,2018,179,160,19,0,0,0,0,77,40,179,0
15035,Minnesota,Dakota,2018,182,156,26,0,0,0,0,76,33,182,0
15036,Minnesota,Goodhue,2018,104,80,23,1,0,0,0,133,44,103,1
15037,Minnesota,Hennepin,2018,182,104,77,1,0,0,0,104,47,181,1
15038,Minnesota,Lake,2018,181,156,25,0,0,0,0,75,42,181,0
15039,Minnesota,Lyon,2018,181,159,22,0,0,0,0,84,37,181,0
15040,Minnesota,Mille Lacs,2018,109,90,19,0,0,0,0,74,43,109,0
15041,Minnesota,Olmsted,2018,181,142,39,0,0,0,0,87,42,181,0
15042,Minnesota,Ramsey,2018,181,140,41,0,0,0,0,79,38,181,0
15043,Minnesota,Saint Louis,2018,243,209,34,0,0,0,0,87,38,243,0
15044,Minnesota,Scott,2018,173,146,25,2,0,0,0,112,40,171,2
15045,Minnesota,Stearns,2018,181,143,37,1,0,0,0,101,42,180,1
15046,Minnesota,Washington,2018,181,99,82,0,0,0,0,90,48,181,0
15047,Minnesota,Winona,2018,20,18,2,0,0,0,0,61,30,20,0
15048,Minnesota,Wright,2018,181,143,35,3,0,0,0,122,43,178,3
15256,Mississippi,Bolivar,2018,134,87,45,2,0,0,0,129,47,132,2
15257,Mississippi,DeSoto,2018,181,123,55,2,1,0,0,159,44,178,3
15258,Mississippi,Forrest,2018,177,138,38,1,0,0,0,119,38,176,1
15259,Mississippi,Grenada,2018,51,49,2,0,0,0,0,62,26,51,0
15260,Mississippi,Hancock,2018,181,149,31,1,0,0,0,102,39,180,1
15261,Mississippi,Harrison,2018,181,138,40,3,0,0,0,115,42,178,3
15262,Mississippi,Hinds,2018,182,121,61,0,0,0,0,100,46,182,0
15263,Mississippi,Jackson,2018,181,137,42,2,0,0,0,105,42,179,2
15264,Mississippi,Lauderdale,2018,122,95,27,0,0,0,0,87,41,122,0
15265,Mississippi,Lee,2018,120,103,17,0,0,0,0,80,42,120,0
15266,Mississippi,Yalobusha,2018,228,221,7,0,0,0,0,71,32,228,0
15382,Missouri,Andrew,2018,122,81,40,1,0,0,0,112,44,121,1
15383,Missouri,Boone,2018,122,97,24,1,0,0,0,105,43,121,1
15384,Missouri,Buchanan,2018,179,139,40,0,0,0,0,69,38,179,0
15385,Missouri,Callaway,2018,122,99,23,0,0,0,0,90,42,122,0
15386,Missouri,Cass,2018,181,136,45,0,0,0,0,97,42,181,0
15387,Missouri,Cedar,2018,181,143,38,0,0,0,0,84,42,181,0
15388,Missouri,Clay,2018,180,132,41,7,0,0,0,147,42,173,7
15389,Missouri,Clinton,2018,122,88,33,1,0,0,0,143,44,121,1
15390,Missouri,Franklin,2018,181,179,2,0,0,0,0,76,3,181,0
15391,Missouri,Greene,2018,181,137,44,0,0,0,0,93,43,181,0
15392,Missouri,Iron,2018,181,170,11,0,0,0,0,87,19,181,0
15393,Missouri,Jackson,2018,181,148,33,0,0,0,0,70,38,181,0
15394,Missouri,Jasper,2018,181,141,40,0,0,0,0,95,41,181,0
15395,Missouri,Jefferson,2018,181,133,47,1,0,0,0,101,43,180,1
15396,Missouri,Lincoln,2018,122,98,23,1,0,0,0,122,43,121,1
15397,Missouri,Monroe,2018,181,157,23,1,0,0,0,105,38,180,1
15398,Missouri,New Madrid,2018,181,181,0,0,0,0,0,33,1,181,0
15399,Missouri,Perry,2018,122,87,34,1,0,0,0,126,43,121,1
15400,Missouri,Saint Charles,2018,181,144,33,4,0,0,0,147,41,177,4
15401,Missouri,Saint Louis,2018,181,118,59,4,0,0,0,112,45,177,4
15402,Missouri,Sainte Genevieve,2018,122,98,24,0,0,0,0,97,43,122,0
15403,Missouri, Saint Louis City,2018,181,97,78,5,1,0,0,182,49,175,6
15404,Missouri,Stoddard,2018,19,17,2,0,0,0,0,67,22,19,0
15405,Missouri,Taney,2018,20,19,1,0,0,0,0,58,20,20,0
15625,Montana,Cascade,2018,181,177,4,0,0,0,0,53,25,181,0
15626,Montana,Fergus,2018,181,170,11,0,0,0,0,74,42,181,0
15627,Montana,Flathead,2018,232,205,27,0,0,0,0,80,40,232,0
15628,Montana,Gallatin,2018,244,211,30,3,0,0,0,134,24,241,3
15629,Montana,Lake,2018,20,20,0,0,0,0,0,8,2,20,0
15630,Montana,Lewis and Clark,2018,211,166,37,6,2,0,0,154,44,203,8
15631,Montana,Lincoln,2018,181,123,57,1,0,0,0,104,38,180,1
15632,Montana,Missoula,2018,181,115,66,0,0,0,0,92,45,181,0
15633,Montana,Phillips,2018,181,169,12,0,0,0,0,64,41,181,0
15634,Montana,Powder River,2018,180,158,21,1,0,0,0,108,41,179,1
15635,Montana,Powell,2018,19,19,0,0,0,0,0,9,3,19,0
15636,Montana,Ravalli,2018,163,148,15,0,0,0,0,87,13,163,0
15637,Montana,Richland,2018,181,149,32,0,0,0,0,71,43,181,0
15638,Montana,Roosevelt,2018,17,17,0,0,0,0,0,36,9,17,0
15639,Montana,Rosebud,2018,181,180,1,0,0,0,0,58,40,181,0
15640,Montana,Sanders,2018,181,174,6,1,0,0,0,120,23,180,1
15641,Montana,Sheridan,2018,16,16,0,0,0,0,0,39,5,16,0
15642,Montana,Silver Bow,2018,191,171,20,0,0,0,0,75,15,191,0
15643,Montana,Yellowstone,2018,180,163,17,0,0,0,0,83,26,180,0
15832,Nebraska,Cass,2018,284,280,4,0,0,0,0,57,16,284,0
15833,Nebraska,Douglas,2018,274,176,94,4,0,0,0,108,46,270,4
15834,Nebraska,Hall,2018,84,77,7,0,0,0,0,68,26,84,0
15835,Nebraska,Knox,2018,236,208,28,0,0,0,0,93,39,236,0
15836,Nebraska,Lancaster,2018,273,238,35,0,0,0,0,78,36,273,0
15837,Nebraska,Sarpy,2018,261,209,52,0,0,0,0,93,36,261,0
15838,Nebraska,Scotts Bluff,2018,87,79,8,0,0,0,0,71,25,87,0
15839,Nebraska,Thomas,2018,18,16,2,0,0,0,0,57,8,18,0
15840,Nebraska,Washington,2018,87,75,12,0,0,0,0,94,30,87,0
15948,Nevada,Carson City,2018,181,145,36,0,0,0,0,90,45,181,0
15949,Nevada,Churchill,2018,155,128,27,0,0,0,0,84,44,155,0
15950,Nevada,Clark,2018,274,79,146,48,1,0,0,154,67,225,49
15951,Nevada,Douglas,2018,180,174,5,1,0,0,0,122,11,179,1
15952,Nevada,Elko,2018,181,179,2,0,0,0,0,96,13,181,0
15953,Nevada,Lyon,2018,180,165,15,0,0,0,0,71,41,180,0
15954,Nevada,Nye,2018,181,174,7,0,0,0,0,99,16,181,0
15955,Nevada,Washoe,2018,274,141,114,19,0,0,0,146,50,255,19
15956,Nevada,White Pine,2018,236,148,82,6,0,0,0,108,47,230,6
16053,New Hampshire,Belknap,2018,180,167,13,0,0,0,0,80,39,180,0
16054,New Hampshire,Cheshire,2018,181,156,25,0,0,0,0,84,39,181,0
16055,New Hampshire,Coos,2018,151,112,36,3,0,0,0,115,46,148,3
16056,New Hampshire,Grafton,2018,243,226,17,0,0,0,0,90,38,243,0
16057,New Hampshire,Hillsborough,2018,182,163,19,0,0,0,0,97,41,182,0
16058,New Hampshire,Merrimack,2018,181,173,8,0,0,0,0,87,37,181,0
16059,New Hampshire,Rockingham,2018,182,165,16,1,0,0,0,105,41,181,1
16131,New Jersey,Atlantic,2018,181,161,19,1,0,0,0,112,40,180,1
16132,New Jersey,Bergen,2018,182,97,79,6,0,0,0,122,48,176,6
16133,New Jersey,Camden,2018,182,111,69,2,0,0,0,115,45,180,2
16134,New Jersey,Cumberland,2018,181,160,21,0,0,0,0,87,38,181,0
16135,New Jersey,Essex,2018,182,140,40,2,0,0,0,112,40,180,2
16136,New Jersey,Gloucester,2018,139,110,26,3,0,0,0,129,41,136,3
16137,New Jersey,Hudson,2018,182,118,60,4,0,0,0,129,45,178,4
16138,New Jersey,Hunterdon,2018,175,135,37,3,0,0,0,105,41,172,3
16139,New Jersey,Mercer,2018,239,175,58,5,1,0,0,187,42,233,6
16140,New Jersey,Middlesex,2018,181,140,38,3,0,0,0,126,39,178,3
16141,New Jersey,Monmouth,2018,122,112,10,0,0,0,0,100,34,122,0
16142,New Jersey,Morris,2018,181,156,23,2,0,0,0,108,38,179,2
16143,New Jersey,Ocean,2018,181,149,28,4,0,0,0,126,39,177,4
16144,New Jersey,Passaic,2018,139,115,22,2,0,0,0,115,41,137,2
16145,New Jersey,Union,2018,182,124,58,0,0,0,0,95,43,182,0
16146,New Jersey,Warren,2018,173,135,37,1,0,0,0,112,39,172,1
16309,New Mexico,Bernalillo,2018,273,101,155,16,1,0,0,165,58,256,17
16310,New Mexico,Catron,2018,19,19,0,0,0,0,0,8,4,19,0
16311,New Mexico,Chaves,2018,20,19,1,0,0,0,0,57,14,20,0
16312,New Mexico,Dona Ana,2018,273,151,109,10,3,0,0,187,48,260,13
16313,New Mexico,Eddy,2018,181,108,68,3,2,0,0,177,49,176,5
16314,New Mexico,Lea,2018,273,174,96,3,0,0,0,143,45,270,3
16315,New Mexico,Lincoln,2018,20,20,0,0,0,0,0,16,7,20,0
16316,New Mexico,Los Alamos,2018,20,20,0,0,0,0,0,11,6,20,0
16317,New Mexico,Luna,2018,270,256,11,3,0,0,0,137,19,267,3
16318,New Mexico,Rio Arriba,2018,180,106,72,2,0,0,0,115,49,178,2
16319,New Mexico,San Juan,2018,273,143,122,8,0,0,0,112,50,265,8
16320,New Mexico,Sandoval,2018,177,108,65,4,0,0,0,105,47,173,4
16321,New Mexico,Santa Fe,2018,269,225,41,3,0,0,0,122,39,266,3
16322,New Mexico,Socorro,2018,13,13,0,0,0,0,0,15,8,13,0
16323,New Mexico,Taos,2018,273,262,11,0,0,0,0,60,23,273,0
16324,New Mexico,Valencia,2018,178,112,65,1,0,0,0,101,46,177,1
16499,New York,Albany,2018,274,217,55,2,0,0,0,112,39,272,2
16500,New York,Bronx,2018,274,204,61,9,0,0,0,150,42,265,9
16501,New York,Chautauqua,2018,271,222,45,4,0,0,0,126,40,267,4
16502,New York,Dutchess,2018,272,250,20,1,1,0,0,156,35,270,2
16503,New York,Erie,2018,274,194,78,2,0,0,0,112,42,272,2
16504,New York,Essex,2018,273,227,44,2,0,0,0,108,42,271,2
16505,New York,Franklin,2018,271,271,0,0,0,0,0,24,0,271,0
16506,New York,Hamilton,2018,268,257,11,0,0,0,0,97,36,268,0
16507,New York,Herkimer,2018,248,236,12,0,0,0,0,93,36,248,0
16508,New York,Jefferson,2018,270,248,20,2,0,0,0,105,36,268,2
16509,New York,Kings,2018,273,241,32,0,0,0,0,80,26,273,0
16510,New York,Monroe,2018,274,220,50,4,0,0,0,108,38,270,4
16511,New York,Nassau,2018,273,251,22,0,0,0,0,92,20,273,0
16512,New York,New York,2018,274,179,84,10,1,0,0,151,44,263,11
16513,New York,Niagara,2018,260,234,25,1,0,0,0,101,37,259,1
16514,New York,Oneida,2018,272,256,16,0,0,0,0,70,18,272,0
16515,New York,Onondaga,2018,273,230,41,2,0,0,0,115,38,271,2
16516,New York,Orange,2018,273,232,40,1,0,0,0,147,38,272,1
16517,New York,Oswego,2018,260,234,25,1,0,0,0,112,36,259,1
16518,New York,Putnam,2018,260,240,18,1,1,0,0,151,35,258,2
16519,New York,Queens,2018,274,205,61,8,0,0,0,140,41,266,8
16520,New York,Richmond,2018,273,205,62,6,0,0,0,136,38,267,6
16521,New York,Rockland,2018,273,228,39,5,0,1,0,210,38,267,6
16522,New York,Saratoga,2018,272,252,19,1,0,0,0,119,36,271,1
16523,New York,Seneca,2018,272,272,0,0,0,0,0,17,0,272,0
16524,New York, Saint Lawrence,2018,267,218,40,9,0,0,0,110,13,258,9
16525,New York,Steuben,2018,270,240,30,0,0,0,0,87,35,270,0
16526,New York,Suffolk,2018,273,218,44,10,1,0,0,172,41,262,11
16527,New York,Tompkins,2018,242,211,29,2,0,0,0,101,37,240,2
16528,New York,Wayne,2018,208,179,25,4,0,0,0,115,39,204,4
16529,New York,Westchester,2018,273,225,36,11,1,0,0,169,38,261,12
16844,North Carolina,Alexander,2018,183,149,34,0,0,0,0,100,42,183,0
16845,North Carolina,Avery,2018,234,205,29,0,0,0,0,87,40,234,0
16846,North Carolina,Beaufort,2018,252,252,0,0,0,0,0,30,1,252,0
16847,North Carolina,Brunswick,2018,249,235,13,1,0,0,0,116,0,248,1
16848,North Carolina,Buncombe,2018,304,262,42,0,0,0,0,93,37,304,0
16849,North Carolina,Caldwell,2018,184,149,35,0,0,0,0,93,43,184,0
16850,North Carolina,Carteret,2018,222,202,20,0,0,0,0,77,38,222,0
16851,North Carolina,Caswell,2018,183,149,34,0,0,0,0,97,42,183,0
16852,North Carolina,Catawba,2018,291,245,46,0,0,0,0,77,33,291,0
16853,North Carolina,Cumberland,2018,287,225,62,0,0,0,0,100,41,287,0
16854,North Carolina,Davidson,2018,292,233,59,0,0,0,0,73,37,292,0
16855,North Carolina,Durham,2018,296,232,64,0,0,0,0,100,42,296,0
16856,North Carolina,Edgecombe,2018,293,261,32,0,0,0,0,80,35,293,0
16857,North Carolina,Forsyth,2018,273,185,86,2,0,0,0,101,44,271,2
16858,North Carolina,Graham,2018,144,114,30,0,0,0,0,93,44,144,0
16859,North Carolina,Granville,2018,180,140,40,0,0,0,0,93,44,180,0
16860,North Carolina,Guilford,2018,294,227,66,1,0,0,0,105,42,293,1
16861,North Carolina,Haywood,2018,273,162,79,26,6,0,0,199,47,241,32
16862,North Carolina,Hyde,2018,20,20,0,0,0,0,0,45,15,20,0
16863,North Carolina,Jackson,2018,60,54,6,0,0,0,0,66,25,60,0
16864,North Carolina,Johnston,2018,290,233,57,0,0,0,0,90,40,290,0
16865,North Carolina,Lee,2018,210,145,65,0,0,0,0,83,45,210,0
16866,North Carolina,Lenoir,2018,238,209,28,1,0,0,0,108,37,237,1
16867,North Carolina,Lincoln,2018,179,139,40,0,0,0,0,90,42,179,0
16868,North Carolina,Macon,2018,239,223,16,0,0,0,0,93,34,239,0
16869,North Carolina,Martin,2018,230,202,28,0,0,0,0,80,38,230,0
16870,North Carolina,Mecklenburg,2018,300,200,95,5,0,0,0,108,45,295,5
16871,North Carolina,Mitchell,2018,294,281,13,0,0,0,0,78,22,294,0
16872,North Carolina,Montgomery,2018,288,256,32,0,0,0,0,97,37,288,0
16873,North Carolina,New Hanover,2018,265,244,21,0,0,0,0,77,32,265,0
16874,North Carolina,Person,2018,242,214,28,0,0,0,0,97,39,242,0
16875,North Carolina,Pitt,2018,284,247,37,0,0,0,0,87,37,284,0
16876,North Carolina,Rockingham,2018,243,200,43,0,0,0,0,90,40,243,0
16877,North Carolina,Rowan,2018,230,218,12,0,0,0,0,74,39,230,0
16878,North Carolina,Swain,2018,304,258,46,0,0,0,0,80,38,304,0
16879,North Carolina,Union,2018,152,108,41,3,0,0,0,122,45,149,3
16880,North Carolina,Wake,2018,299,211,87,0,1,0,0,155,44,298,1
16881,North Carolina,Yancey,2018,177,134,43,0,0,0,0,84,45,177,0
17324,North Dakota,Billings,2018,269,230,39,0,0,0,0,90,40,269,0
17325,North Dakota,Burke,2018,269,228,40,1,0,0,0,108,39,268,1
17326,North Dakota,Burleigh,2018,272,210,58,2,2,0,0,153,40,268,4
17327,North Dakota,Cass,2018,268,227,40,1,0,0,0,121,39,267,1
17328,North Dakota,Dunn,2018,257,217,40,0,0,0,0,90,39,257,0
17329,North Dakota,McKenzie,2018,263,217,46,0,0,0,0,92,42,263,0
17330,North Dakota,Mercer,2018,273,227,41,5,0,0,0,127,40,268,5
17331,North Dakota,Oliver,2018,268,213,52,3,0,0,0,122,41,265,3
17332,North Dakota,Ward,2018,268,236,29,3,0,0,0,112,35,265,3
17333,North Dakota,Williams,2018,273,207,66,0,0,0,0,100,41,273,0
17431,Ohio,Adams,2018,241,226,15,0,0,0,0,66,24,241,0
17432,Ohio,Allen,2018,243,195,43,5,0,0,0,119,41,238,5
17433,Ohio,Ashtabula,2018,243,208,32,3,0,0,0,129,38,240,3
17434,Ohio,Athens,2018,55,53,2,0,0,0,0,54,29,55,0
17435,Ohio,Belmont,2018,244,233,11,0,0,0,0,62,18,244,0
17436,Ohio,Butler,2018,273,191,76,6,0,0,0,140,43,267,6
17437,Ohio,Clark,2018,273,184,85,4,0,0,0,140,44,269,4
17438,Ohio,Clermont,2018,269,204,63,2,0,0,0,101,43,267,2
17439,Ohio,Clinton,2018,184,143,40,1,0,0,0,112,43,183,1
17440,Ohio,Columbiana,2018,243,242,1,0,0,0,0,52,0,243,0
17441,Ohio,Cuyahoga,2018,244,146,87,11,0,0,0,133,45,233,11
17442,Ohio,Delaware,2018,214,182,32,0,0,0,0,100,41,214,0
17443,Ohio,Fayette,2018,243,216,27,0,0,0,0,80,39,243,0
17444,Ohio,Franklin,2018,274,198,74,2,0,0,0,122,43,272,2
17445,Ohio,Gallia,2018,243,236,6,1,0,0,0,124,4,242,1
17446,Ohio,Geauga,2018,184,135,40,9,0,0,0,129,44,175,9
17447,Ohio,Greene,2018,271,192,78,1,0,0,0,122,43,270,1
17448,Ohio,Hamilton,2018,274,134,132,7,1,0,0,159,51,266,8
17449,Ohio,Harrison,2018,21,20,1,0,0,0,0,53,29,21,0
17450,Ohio,Jefferson,2018,243,138,103,2,0,0,0,108,48,241,2
17451,Ohio,Knox,2018,214,177,36,1,0,0,0,115,42,213,1
17452,Ohio,Lake,2018,244,178,55,11,0,0,0,138,42,233,11
17453,Ohio,Lawrence,2018,243,201,40,2,0,0,0,119,41,241,2
17454,Ohio,Licking,2018,214,179,35,0,0,0,0,100,41,214,0
17455,Ohio,Lorain,2018,243,196,46,1,0,0,0,101,39,242,1
17456,Ohio,Lucas,2018,273,190,73,9,1,0,0,151,44,263,10
17457,Ohio,Madison,2018,213,178,34,1,0,0,0,101,42,212,1
17458,Ohio,Mahoning,2018,251,203,48,0,0,0,0,90,38,251,0
17459,Ohio,Medina,2018,243,183,60,0,0,0,0,100,41,243,0
17460,Ohio,Miami,2018,214,176,37,1,0,0,0,140,41,213,1
17461,Ohio,Montgomery,2018,274,200,70,4,0,0,0,129,43,270,4
17462,Ohio,Morgan,2018,241,240,1,0,0,0,0,52,1,241,0
17463,Ohio,Noble,2018,217,193,24,0,0,0,0,97,39,217,0
17464,Ohio,Portage,2018,198,155,43,0,0,0,0,100,42,198,0
17465,Ohio,Preble,2018,274,192,81,1,0,0,0,107,44,273,1
17466,Ohio,Scioto,2018,201,193,8,0,0,0,0,82,17,201,0
17467,Ohio,Stark,2018,274,174,97,3,0,0,0,108,46,271,3
17468,Ohio,Summit,2018,244,167,76,1,0,0,0,105,43,243,1
17469,Ohio,Trumbull,2018,239,181,54,4,0,0,0,108,42,235,4
17470,Ohio,Warren,2018,271,187,79,5,0,0,0,136,44,266,5
17471,Ohio,Washington,2018,184,156,25,3,0,0,0,105,41,181,3
17472,Ohio,Wood,2018,184,152,30,2,0,0,0,115,41,182,2
17889,Oklahoma,Adair,2018,182,140,40,2,0,0,0,145,42,180,2
17890,Oklahoma,Bryan,2018,259,215,41,3,0,0,0,119,41,256,3
17891,Oklahoma,Canadian,2018,299,239,54,6,0,0,0,150,39,293,6
17892,Oklahoma,Carter,2018,295,237,56,2,0,0,0,128,32,293,2
17893,Oklahoma,Choctaw,2018,211,193,18,0,0,0,0,93,40,211,0
17894,Oklahoma,Cleveland,2018,304,197,101,6,0,0,0,121,45,298,6
17895,Oklahoma,Comanche,2018,304,224,76,4,0,0,0,122,43,300,4
17896,Oklahoma,Creek,2018,300,259,40,1,0,0,0,115,37,299,1
17897,Oklahoma,Custer,2018,303,294,8,1,0,0,0,104,18,302,1
17898,Oklahoma,Dewey,2018,301,203,91,7,0,0,0,115,43,294,7
17899,Oklahoma,Garfield,2018,296,288,8,0,0,0,0,70,0,296,0
17900,Oklahoma,Jefferson,2018,241,172,64,4,1,0,0,151,44,236,5
17901,Oklahoma,Kay,2018,304,225,77,2,0,0,0,114,41,302,2
17902,Oklahoma,Love,2018,239,172,60,7,0,0,0,129,44,232,7
17903,Oklahoma,Mayes,2018,304,282,22,0,0,0,0,93,13,304,0
17904,Oklahoma,McClain,2018,287,230,54,3,0,0,0,119,40,284,3
17905,Oklahoma,Muskogee,2018,304,275,27,2,0,0,0,102,19,302,2
17906,Oklahoma,Nowata,2018,293,220,73,0,0,0,0,97,43,293,0
17907,Oklahoma,Oklahoma,2018,305,193,103,9,0,0,0,147,46,296,9
17908,Oklahoma,Osage,2018,298,242,49,7,0,0,0,143,39,291,7
17909,Oklahoma,Ottawa,2018,290,195,94,1,0,0,0,107,45,289,1
17910,Oklahoma,Pittsburg,2018,303,228,74,1,0,0,0,108,42,302,1
17911,Oklahoma,Sequoyah,2018,209,171,38,0,0,0,0,90,40,209,0
17912,Oklahoma,Tulsa,2018,305,161,136,7,1,0,0,192,50,297,8
17913,Oklahoma,Washington,2018,8,5,3,0,0,0,0,60,43,8,0
18148,Oregon,Clackamas,2018,75,73,2,0,0,0,0,54,33,75,0
18149,Oregon,Columbia,2018,60,60,0,0,0,0,0,41,33,60,0
18150,Oregon,Crook,2018,53,46,7,0,0,0,0,71,23,53,0
18151,Oregon,Harney,2018,58,45,12,1,0,0,0,101,25,57,1
18152,Oregon,Jackson,2018,99,90,9,0,0,0,0,80,38,99,0
18153,Oregon,Josephine,2018,38,33,5,0,0,0,0,67,22,38,0
18154,Oregon,Klamath,2018,59,46,13,0,0,0,0,72,22,59,0
18155,Oregon,Lake,2018,48,43,5,0,0,0,0,65,20,48,0
18156,Oregon,Lane,2018,273,221,49,2,1,0,0,154,35,270,3
18157,Oregon,Marion,2018,61,60,1,0,0,0,0,51,36,61,0
18158,Oregon,Multnomah,2018,194,190,4,0,0,0,0,64,32,194,0
18159,Oregon,Umatilla,2018,51,45,6,0,0,0,0,71,41,51,0
18160,Oregon,Union,2018,19,19,0,0,0,0,0,13,5,19,0
18161,Oregon,Wallowa,2018,20,20,0,0,0,0,0,15,5,20,0
18162,Oregon,Wasco,2018,76,76,0,0,0,0,0,48,29,76,0
18163,Oregon,Washington,2018,181,179,2,0,0,0,0,64,27,181,0
18400,Pennsylvania,Adams,2018,240,193,46,1,0,0,0,105,43,239,1
18401,Pennsylvania,Allegheny,2018,274,115,139,19,1,0,0,154,55,254,20
18402,Pennsylvania,Armstrong,2018,177,148,28,1,0,0,0,143,39,176,1
18403,Pennsylvania,Beaver,2018,181,118,59,4,0,0,0,136,45,177,4
18404,Pennsylvania,Berks,2018,181,141,39,1,0,0,0,101,41,180,1
18405,Pennsylvania,Blair,2018,181,150,31,0,0,0,0,80,40,181,0
18406,Pennsylvania,Bradford,2018,179,150,29,0,0,0,0,97,39,179,0
18407,Pennsylvania,Bucks,2018,161,137,17,7,0,0,0,136,37,154,7
18408,Pennsylvania,Cambria,2018,179,145,34,0,0,0,0,90,40,179,0
18409,Pennsylvania,Centre,2018,241,205,36,0,0,0,0,97,40,241,0
18410,Pennsylvania,Chester,2018,177,137,40,0,0,0,0,100,38,177,0
18411,Pennsylvania,Clearfield,2018,171,152,18,1,0,0,0,101,40,170,1
18412,Pennsylvania,Cumberland,2018,181,137,44,0,0,0,0,87,35,181,0
18413,Pennsylvania,Dauphin,2018,181,137,44,0,0,0,0,93,41,181,0
18414,Pennsylvania,Delaware,2018,181,95,85,1,0,0,0,108,50,180,1
18415,Pennsylvania,Elk,2018,241,216,25,0,0,0,0,97,37,241,0
18416,Pennsylvania,Erie,2018,181,143,38,0,0,0,0,84,39,181,0
18417,Pennsylvania,Franklin,2018,175,168,7,0,0,0,0,67,34,175,0
18418,Pennsylvania,Greene,2018,179,153,26,0,0,0,0,97,39,179,0
18419,Pennsylvania,Indiana,2018,180,152,28,0,0,0,0,100,40,180,0
18420,Pennsylvania,Lackawanna,2018,181,151,30,0,0,0,0,84,38,181,0
18421,Pennsylvania,Lancaster,2018,181,120,60,1,0,0,0,105,44,180,1
18422,Pennsylvania,Lawrence,2018,181,162,19,0,0,0,0,97,36,181,0
18423,Pennsylvania,Lebanon,2018,181,120,60,1,0,0,0,101,43,180,1
18424,Pennsylvania,Lehigh,2018,181,131,50,0,0,0,0,97,41,181,0
18425,Pennsylvania,Luzerne,2018,181,163,17,1,0,0,0,101,36,180,1
18426,Pennsylvania,Lycoming,2018,170,158,12,0,0,0,0,80,36,170,0
18427,Pennsylvania,Mercer,2018,243,174,68,1,0,0,0,115,44,242,1
18428,Pennsylvania,Monroe,2018,180,149,29,2,0,0,0,108,41,178,2
18429,Pennsylvania,Montgomery,2018,170,134,33,3,0,0,0,112,40,167,3
18430,Pennsylvania,Northampton,2018,181,111,67,3,0,0,0,115,44,178,3
18431,Pennsylvania,Philadelphia,2018,212,121,87,4,0,0,0,136,47,208,4
18432,Pennsylvania,Somerset,2018,242,215,27,0,0,0,0,90,38,242,0
18433,Pennsylvania,Tioga,2018,178,152,26,0,0,0,0,97,40,178,0
18434,Pennsylvania,Warren,2018,181,179,1,1,0,0,0,146,9,180,1
18435,Pennsylvania,Washington,2018,181,113,67,1,0,0,0,105,46,180,1
18436,Pennsylvania,Westmoreland,2018,181,155,25,1,0,0,0,115,38,180,1
18437,Pennsylvania,York,2018,181,140,41,0,0,0,0,97,41,181,0
18811,Rhode Island,Kent,2018,87,86,1,0,0,0,0,61,27,87,0
18812,Rhode Island,Providence,2018,142,118,24,0,0,0,0,75,39,142,0
18813,Rhode Island,Washington,2018,89,86,3,0,0,0,0,61,30,89,0
18844,South Carolina,Aiken,2018,205,184,21,0,0,0,0,93,38,205,0
18845,South Carolina,Anderson,2018,234,231,3,0,0,0,0,51,34,234,0
18846,South Carolina,Berkeley,2018,217,208,9,0,0,0,0,67,31,217,0
18847,South Carolina,Charleston,2018,264,233,31,0,0,0,0,97,37,264,0
18848,South Carolina,Chesterfield,2018,254,213,40,1,0,0,0,104,38,253,1
18849,South Carolina,Colleton,2018,273,251,22,0,0,0,0,77,33,273,0
18850,South Carolina,Darlington,2018,216,207,9,0,0,0,0,87,38,216,0
18851,South Carolina,Edgefield,2018,263,234,29,0,0,0,0,90,36,263,0
18852,South Carolina,Florence,2018,267,238,29,0,0,0,0,73,30,267,0
18853,South Carolina,Georgetown,2018,240,240,0,0,0,0,0,44,16,240,0
18854,South Carolina,Greenville,2018,273,215,58,0,0,0,0,87,40,273,0
18855,South Carolina,Horry,2018,245,227,18,0,0,0,0,87,36,245,0
18856,South Carolina,Lexington,2018,273,225,48,0,0,0,0,92,33,273,0
18857,South Carolina,Oconee,2018,272,232,40,0,0,0,0,97,38,272,0
18858,South Carolina,Pickens,2018,235,211,24,0,0,0,0,87,39,235,0
18859,South Carolina,Richland,2018,274,228,45,1,0,0,0,101,40,273,1
18860,South Carolina,Spartanburg,2018,273,214,59,0,0,0,0,77,42,273,0
18861,South Carolina,York,2018,270,224,43,3,0,0,0,115,37,267,3
19057,South Dakota,Brookings,2018,181,147,33,1,0,0,0,101,40,180,1
19058,South Dakota,Brown,2018,59,55,3,0,0,0,1,429,24,58,1
19059,South Dakota,Codington,2018,181,157,24,0,0,0,0,70,35,181,0
19060,South Dakota,Custer,2018,181,157,24,0,0,0,0,88,43,181,0
19061,South Dakota,Hughes,2018,179,176,3,0,0,0,0,66,14,179,0
19062,South Dakota,Jackson,2018,181,163,18,0,0,0,0,77,44,181,0
19063,South Dakota,Meade,2018,180,180,0,0,0,0,0,43,31,180,0
19064,South Dakota,Minnehaha,2018,182,144,35,3,0,0,0,115,43,179,3
19065,South Dakota,Pennington,2018,181,143,37,1,0,0,0,109,31,180,1
19066,South Dakota,Union,2018,181,138,40,3,0,0,0,112,44,178,3
19159,Tennessee,Anderson,2018,181,150,31,0,0,0,0,90,38,181,0
19160,Tennessee,Blount,2018,244,196,47,1,0,0,0,108,44,243,1
19161,Tennessee,Claiborne,2018,236,216,20,0,0,0,0,87,38,236,0
19162,Tennessee,Davidson,2018,182,125,55,1,1,0,0,151,43,180,2
19163,Tennessee,DeKalb,2018,228,211,17,0,0,0,0,87,36,228,0
19164,Tennessee,Dyer,2018,177,165,12,0,0,0,0,60,30,177,0
19165,Tennessee,Hamilton,2018,302,215,86,1,0,0,0,101,44,301,1
19166,Tennessee,Jefferson,2018,122,90,32,0,0,0,0,100,44,122,0
19167,Tennessee,Knox,2018,304,250,53,1,0,0,0,112,39,303,1
19168,Tennessee,Lawrence,2018,176,164,12,0,0,0,0,60,28,176,0
19169,Tennessee,Loudon,2018,181,142,38,1,0,0,0,133,39,180,1
19170,Tennessee,Madison,2018,181,168,13,0,0,0,0,60,26,181,0
19171,Tennessee,Maury,2018,158,147,11,0,0,0,0,59,29,158,0
19172,Tennessee,McMinn,2018,172,151,21,0,0,0,0,67,29,172,0
19173,Tennessee,Montgomery,2018,181,161,20,0,0,0,0,59,29,181,0
19174,Tennessee,Putnam,2018,176,164,12,0,0,0,0,58,27,176,0
19175,Tennessee,Roane,2018,176,157,19,0,0,0,0,62,27,176,0
19176,Tennessee,Sevier,2018,243,190,49,4,0,0,0,115,44,239,4
19177,Tennessee,Shelby,2018,182,130,48,4,0,0,0,129,43,178,4
19178,Tennessee,Sullivan,2018,181,103,70,8,0,0,0,110,48,173,8
19179,Tennessee,Sumner,2018,165,125,38,2,0,0,0,133,41,163,2
19180,Tennessee,Williamson,2018,122,96,25,1,0,0,0,108,43,121,1
19181,Tennessee,Wilson,2018,116,84,30,2,0,0,0,119,43,114,2
19419,Texas,Bell,2018,212,172,37,3,0,0,0,136,39,209,3
19420,Texas,Bexar,2018,273,180,86,7,0,0,0,143,44,266,7
19421,Texas,Bowie,2018,219,173,45,1,0,0,0,104,36,218,1
19422,Texas,Brazoria,2018,181,152,28,1,0,0,0,122,33,180,1
19423,Texas,Brewster,2018,229,183,46,0,0,0,0,97,43,229,0
19424,Texas,Cameron,2018,243,136,107,0,0,0,0,99,48,243,0
19425,Texas,Collin,2018,178,144,27,7,0,0,0,136,41,171,7
19426,Texas,Culberson,2018,20,19,1,0,0,0,0,51,23,20,0
19427,Texas,Dallas,2018,182,117,58,7,0,0,0,150,46,175,7
19428,Texas,Denton,2018,181,140,34,7,0,0,0,133,43,174,7
19429,Texas,Ector,2018,239,204,35,0,0,0,0,91,31,239,0
19430,Texas,El Paso,2018,244,105,128,10,1,0,0,154,53,233,11
19431,Texas,Ellis,2018,181,139,39,3,0,0,0,108,41,178,3
19432,Texas,Fayette,2018,207,176,31,0,0,0,0,96,28,207,0
19433,Texas,Freestone,2018,196,192,4,0,0,0,0,86,0,196,0
19434,Texas,Galveston,2018,181,149,27,5,0,0,0,143,34,176,5
19435,Texas,Gregg,2018,242,204,38,0,0,0,0,97,37,242,0
19436,Texas,Harris,2018,274,121,136,13,4,0,0,187,52,257,17
19437,Texas,Harrison,2018,243,186,56,1,0,0,0,108,41,242,1
19438,Texas,Hidalgo,2018,241,128,110,3,0,0,0,115,48,238,3
19439,Texas,Hood,2018,179,151,28,0,0,0,0,93,37,179,0
19440,Texas,Howard,2018,241,199,34,7,1,0,0,200,10,233,8
19441,Texas,Hunt,2018,181,163,17,1,0,0,0,108,35,180,1
19442,Texas,Hutchinson,2018,240,132,39,61,8,0,0,168,43,171,69
19443,Texas,Jefferson,2018,182,92,82,8,0,0,0,122,50,174,8
19444,Texas,Johnson,2018,175,143,30,2,0,0,0,136,37,173,2
19445,Texas,Kaufman,2018,181,153,28,0,0,0,0,100,39,181,0
19446,Texas,Kleberg,2018,167,118,48,1,0,0,0,118,36,166,1
19447,Texas,Lubbock,2018,232,204,27,1,0,0,0,134,27,231,1
19448,Texas,Maverick,2018,228,178,50,0,0,0,0,100,33,228,0
19449,Texas,McLennan,2018,161,125,36,0,0,0,0,98,43,161,0
19450,Texas,Milam,2018,205,205,0,0,0,0,0,29,0,205,0
19451,Texas,Montgomery,2018,181,130,44,7,0,0,0,150,43,174,7
19452,Texas,Navarro,2018,181,130,48,3,0,0,0,123,42,178,3
19453,Texas,Nueces,2018,181,137,44,0,0,0,0,99,42,181,0
19454,Texas,Orange,2018,181,105,70,6,0,0,0,115,48,175,6
19455,Texas,Parker,2018,177,156,19,2,0,0,0,115,37,175,2
19456,Texas,Polk,2018,243,225,18,0,0,0,0,97,32,243,0
19457,Texas,Potter,2018,243,180,45,17,1,0,0,161,30,225,18
19458,Texas,Randall,2018,241,145,87,9,0,0,0,112,48,232,9
19459,Texas,Robertson,2018,182,182,0,0,0,0,0,21,0,182,0
19460,Texas,Rockwall,2018,172,151,16,5,0,0,0,136,34,167,5
19461,Texas,Rusk,2018,236,202,24,10,0,0,0,138,11,226,10
19462,Texas,Smith,2018,242,203,37,2,0,0,0,112,36,240,2
19463,Texas,Tarrant,2018,182,111,65,4,2,0,0,166,47,176,6
19464,Texas,Titus,2018,231,231,0,0,0,0,0,50,0,231,0
19465,Texas,Travis,2018,213,104,101,8,0,0,0,112,51,205,8
19466,Texas,Victoria,2018,106,104,2,0,0,0,0,80,27,106,0
19467,Texas,Webb,2018,192,124,66,2,0,0,0,107,44,190,2
19906,Utah,Box Elder,2018,304,182,113,8,1,0,0,151,47,295,9
19907,Utah,Cache,2018,304,191,107,6,0,0,0,133,47,298,6
19908,Utah,Carbon,2018,303,170,128,5,0,0,0,115,49,298,5
19909,Utah,Davis,2018,304,176,115,12,1,0,0,151,47,291,13
19910,Utah,Duchesne,2018,304,164,129,11,0,0,0,129,49,293,11
19911,Utah,Garfield,2018,304,199,103,2,0,0,0,122,46,302,2
19912,Utah,Iron,2018,305,200,105,0,0,0,0,90,45,305,0
19913,Utah,Salt Lake,2018,306,147,126,31,2,0,0,169,51,273,33
19914,Utah,San Juan,2018,224,126,98,0,0,0,0,100,49,224,0
19915,Utah,Tooele,2018,304,178,116,10,0,0,0,138,47,294,10
19916,Utah,Uintah,2018,304,167,135,2,0,0,0,136,50,302,2
19917,Utah,Utah,2018,306,170,107,22,7,0,0,162,49,277,29
19918,Utah,Washington,2018,304,168,135,1,0,0,0,108,48,303,1
19919,Utah,Wayne,2018,20,20,0,0,0,0,0,10,5,20,0
19920,Utah,Weber,2018,304,161,126,15,2,0,0,157,49,287,17
20060,Vermont,Bennington,2018,181,163,17,1,0,0,0,101,39,180,1
20061,Vermont,Chittenden,2018,182,155,27,0,0,0,0,89,42,182,0
20062,Vermont,Rutland,2018,182,147,35,0,0,0,0,90,40,182,0
20063,Vermont,Windham,2018,19,19,0,0,0,0,0,31,13,19,0
20102,Virginia,Albemarle,2018,171,146,25,0,0,0,0,93,40,171,0
20103,Virginia,Alexandria City,2018,57,57,0,0,0,0,0,11,6,57,0
20104,Virginia,Arlington,2018,211,179,31,1,0,0,0,101,38,210,1
20105,Virginia,Botetourt,2018,175,174,1,0,0,0,0,62,1,175,0
20106,Virginia,Bristol City,2018,85,78,7,0,0,0,0,67,27,85,0
20107,Virginia,Caroline,2018,120,100,20,0,0,0,0,84,42,120,0
20108,Virginia,Carroll,2018,49,49,0,0,0,0,0,22,9,49,0
20109,Virginia,Charles,2018,208,187,20,1,0,0,0,105,35,207,1
20110,Virginia,Chesterfield,2018,162,144,18,0,0,0,0,77,39,162,0
20111,Virginia,Covington City,2018,181,181,0,0,0,0,0,43,3,181,0
20112,Virginia,Fairfax,2018,276,226,49,1,0,0,0,101,39,275,1
20113,Virginia,Fauquier,2018,121,109,12,0,0,0,0,80,39,121,0
20114,Virginia,Frederick,2018,208,180,28,0,0,0,0,85,36,208,0
20115,Virginia,Giles,2018,270,222,45,3,0,0,0,139,40,267,3
20116,Virginia,Hampton City,2018,212,193,19,0,0,0,0,93,37,212,0
20117,Virginia,Hanover,2018,121,100,21,0,0,0,0,97,44,121,0
20118,Virginia,Henrico,2018,221,192,28,1,0,0,0,147,37,220,1
20119,Virginia,Hopewell City,2018,50,50,0,0,0,0,0,19,10,50,0
20120,Virginia,Loudoun,2018,210,180,30,0,0,0,0,93,37,210,0
20121,Virginia,Lynchburg City,2018,82,76,6,0,0,0,0,55,26,82,0
20122,Virginia,Madison,2018,233,202,31,0,0,0,0,90,41,233,0
20123,Virginia,Norfolk City,2018,215,211,4,0,0,0,0,60,19,215,0
20124,Virginia,Prince Edward,2018,240,221,19,0,0,0,0,93,35,240,0
20125,Virginia,Prince William,2018,161,138,23,0,0,0,0,100,38,161,0
20126,Virginia,Richmond City,2018,212,187,25,0,0,0,0,66,33,212,0
20127,Virginia,Roanoke,2018,212,182,30,0,0,0,0,87,39,212,0
20128,Virginia,Rockbridge,2018,117,106,11,0,0,0,0,90,38,117,0
20129,Virginia,Rockingham,2018,210,191,19,0,0,0,0,77,34,210,0
20130,Virginia,Salem City,2018,84,76,8,0,0,0,0,72,28,84,0
20131,Virginia,Stafford,2018,146,126,20,0,0,0,0,90,39,146,0
20132,Virginia,Suffolk City,2018,122,104,18,0,0,0,0,80,44,122,0
20133,Virginia,Virginia Beach City,2018,78,73,5,0,0,0,0,65,26,78,0
20134,Virginia,Winchester City,2018,49,49,0,0,0,0,0,20,10,49,0
20135,Virginia,Wythe,2018,114,86,28,0,0,0,0,84,44,114,0
20497,Washington,Adams,2018,167,161,6,0,0,0,0,64,11,167,0
20498,Washington,Asotin,2018,167,156,11,0,0,0,0,70,21,167,0
20499,Washington,Benton,2018,212,187,21,4,0,0,0,125,29,208,4
20500,Washington,Chelan,2018,211,195,16,0,0,0,0,83,21,211,0
20501,Washington,Clallam,2018,213,195,18,0,0,0,0,63,37,213,0
20502,Washington,Clark,2018,212,199,12,1,0,0,0,103,30,211,1
20503,Washington,Columbia,2018,128,124,4,0,0,0,0,62,13,128,0
20504,Washington,Cowlitz,2018,182,181,1,0,0,0,0,52,18,182,0
20505,Washington,Franklin,2018,180,172,8,0,0,0,0,71,15,180,0
20506,Washington,Garfield,2018,182,179,3,0,0,0,0,53,13,182,0
20507,Washington,Grant,2018,212,203,9,0,0,0,0,65,15,212,0
20508,Washington,Grays Harbor,2018,182,179,3,0,0,0,0,57,20,182,0
20509,Washington,Jefferson,2018,182,181,1,0,0,0,0,54,18,182,0
20510,Washington,King,2018,213,175,36,2,0,0,0,147,38,211,2
20511,Washington,Kitsap,2018,203,202,1,0,0,0,0,54,9,203,0
20512,Washington,Kittitas,2018,211,202,9,0,0,0,0,62,15,211,0
20513,Washington,Klickitat,2018,49,49,0,0,0,0,0,48,14,49,0
20514,Washington,Lewis,2018,182,180,2,0,0,0,0,60,19,182,0
20515,Washington,Mason,2018,182,177,5,0,0,0,0,58,18,182,0
20516,Washington,Okanogan,2018,209,167,41,1,0,0,0,125,25,208,1
20517,Washington,Pierce,2018,212,177,35,0,0,0,0,90,42,212,0
20518,Washington,Skagit,2018,212,208,2,2,0,0,0,125,31,210,2
20519,Washington,Snohomish,2018,212,191,21,0,0,0,0,83,21,212,0
20520,Washington,Spokane,2018,212,187,25,0,0,0,0,84,34,212,0
20521,Washington,Stevens,2018,206,167,39,0,0,0,0,97,26,206,0
20522,Washington,Thurston,2018,188,183,5,0,0,0,0,90,23,188,0
20523,Washington,Walla Walla,2018,212,205,7,0,0,0,0,62,14,212,0
20524,Washington,Whatcom,2018,212,148,54,10,0,0,0,113,39,202,10
20525,Washington,Whitman,2018,182,176,6,0,0,0,0,56,13,182,0
20526,Washington,Yakima,2018,212,179,33,0,0,0,0,85,28,212,0
20822,West Virginia,Berkeley,2018,141,122,19,0,0,0,0,97,42,141,0
20823,West Virginia,Brooke,2018,273,244,28,1,0,0,0,110,20,272,1
20824,West Virginia,Cabell,2018,141,114,27,0,0,0,0,100,40,141,0
20825,West Virginia,Gilmer,2018,238,224,14,0,0,0,0,90,32,238,0
20826,West Virginia,Greenbrier,2018,116,106,10,0,0,0,0,84,42,116,0
20827,West Virginia,Hancock,2018,273,237,35,1,0,0,0,105,36,272,1
20828,West Virginia,Harrison,2018,59,54,5,0,0,0,0,58,27,59,0
20829,West Virginia,Kanawha,2018,182,141,40,1,0,0,0,105,43,181,1
20830,West Virginia,Marion,2018,60,55,5,0,0,0,0,56,31,60,0
20831,West Virginia,Marshall,2018,273,209,64,0,0,0,0,93,33,273,0
20832,West Virginia,Mason,2018,235,226,7,2,0,0,0,124,3,233,2
20833,West Virginia,Mineral,2018,179,148,11,11,9,0,0,200,3,159,20
20834,West Virginia,Monongalia,2018,158,137,21,0,0,0,0,93,38,158,0
20835,West Virginia,Ohio,2018,234,195,38,1,0,0,0,105,40,233,1
20836,West Virginia,Tucker,2018,242,214,28,0,0,0,0,74,38,242,0
20837,West Virginia,Wood,2018,179,168,11,0,0,0,0,74,35,179,0
20989,Wisconsin,Ashland,2018,176,160,16,0,0,0,0,84,42,176,0
20990,Wisconsin,Brown,2018,181,152,28,1,0,0,0,105,43,180,1
20991,Wisconsin,Columbia,2018,139,114,24,1,0,0,0,122,42,138,1
20992,Wisconsin,Dane,2018,181,141,39,1,0,0,0,112,42,180,1
20993,Wisconsin,Dodge,2018,182,143,36,3,0,0,0,133,43,179,3
20994,Wisconsin,Door,2018,118,103,12,3,0,0,0,119,43,115,3
20995,Wisconsin,Eau Claire,2018,181,132,48,1,0,0,0,129,44,180,1
20996,Wisconsin,Fond du Lac,2018,139,116,22,1,0,0,0,101,42,138,1
20997,Wisconsin,Forest,2018,181,150,31,0,0,0,0,93,43,181,0
20998,Wisconsin,Grant,2018,174,157,17,0,0,0,0,66,30,174,0
20999,Wisconsin,Jefferson,2018,134,106,26,2,0,0,0,126,42,132,2
21000,Wisconsin,Kenosha,2018,181,142,30,7,2,0,0,166,43,172,9
21001,Wisconsin,Kewaunee,2018,131,110,18,3,0,0,0,126,44,128,3
21002,Wisconsin,La Crosse,2018,181,151,30,0,0,0,0,93,42,181,0
21003,Wisconsin,Manitowoc,2018,132,108,19,4,1,0,0,161,42,127,5
21004,Wisconsin,Marathon,2018,123,97,26,0,0,0,0,97,44,123,0
21005,Wisconsin,Milwaukee,2018,182,130,49,3,0,0,0,122,43,179,3
21006,Wisconsin,Oneida,2018,181,176,5,0,0,0,0,69,1,181,0
21007,Wisconsin,Outagamie,2018,181,135,41,5,0,0,0,123,44,176,5
21008,Wisconsin,Ozaukee,2018,179,149,26,4,0,0,0,140,41,175,4
21009,Wisconsin,Racine,2018,129,102,21,5,1,0,0,156,43,123,6
21010,Wisconsin,Rock,2018,133,111,21,1,0,0,0,133,41,132,1
21011,Wisconsin,Sauk,2018,181,146,34,1,0,0,0,122,43,180,1
21012,Wisconsin,Sheboygan,2018,134,105,22,6,1,0,0,169,44,127,7
21013,Wisconsin,Taylor,2018,241,212,29,0,0,0,0,93,41,241,0
21014,Wisconsin,Vilas,2018,181,159,22,0,0,0,0,100,42,181,0
21015,Wisconsin,Walworth,2018,130,100,28,2,0,0,0,126,42,128,2
21016,Wisconsin,Waukesha,2018,181,141,37,3,0,0,0,122,42,178,3
21319,Wyoming,Albany,2018,251,132,116,3,0,0,0,115,50,248,3
21320,Wyoming,Big Horn,2018,249,216,33,0,0,0,0,84,42,249,0
21321,Wyoming,Campbell,2018,273,215,56,1,1,0,0,167,42,271,2
21322,Wyoming,Carbon,2018,181,148,33,0,0,0,0,87,44,181,0
21323,Wyoming,Converse,2018,273,258,15,0,0,0,0,67,37,273,0
21324,Wyoming,Fremont,2018,212,157,55,0,0,0,0,91,46,212,0
21325,Wyoming,Johnson,2018,44,35,9,0,0,0,0,64,47,44,0
21326,Wyoming,Laramie,2018,212,182,30,0,0,0,0,93,43,212,0
21327,Wyoming,Lincoln,2018,273,262,11,0,0,0,0,82,17,273,0
21328,Wyoming,Natrona,2018,211,165,46,0,0,0,0,84,44,211,0
21329,Wyoming,Park,2018,92,87,5,0,0,0,0,85,15,92,0
21330,Wyoming,Platte,2018,30,28,2,0,0,0,0,55,12,30,0
21331,Wyoming,Sheridan,2018,273,176,95,2,0,0,0,108,47,271,2
21332,Wyoming,Sublette,2018,273,160,113,0,0,0,0,97,49,273,0
21333,Wyoming,Sweetwater,2018,273,189,78,5,1,0,0,163,44,267,6
21334,Wyoming,Teton,2018,253,183,69,1,0,0,0,106,46,252,1
21335,Wyoming,Uinta,2018,273,237,36,0,0,0,0,93,40,273,0
21336,Wyoming,Weston,2018,252,207,44,1,0,0,0,101,44,251,1